{
    "patient_id": "radiopaedia_29_86491_1",
    "img_shape": [
        37,
        256,
        256
    ],
    "patient_min_max": [
        0.0,
        255.0
    ],
    "patient_mean_std": [
        134.9031982421875,
        83.93949127197266
    ],
    "global_min_max": [
        0.0,
        255.0
    ],
    "global_mean_std": [
        133.1456398010254,
        89.62632865905762
    ],
    "annotated_slices": {
        "left_lung": [
            1,
            2,
            3,
            4,
            5,
            6,
            7,
            8,
            9,
            10,
            11,
            12,
            13,
            14,
            15,
            16,
            17,
            18,
            19,
            20,
            21,
            22,
            23,
            24,
            25,
            26,
            27,
            28,
            29,
            30,
            31,
            32,
            33,
            34,
            35,
            36
        ],
        "right_lung": [
            0,
            1,
            2,
            3,
            4,
            5,
            6,
            7,
            8,
            9,
            10,
            11,
            12,
            13,
            14,
            15,
            16,
            17,
            18,
            19,
            20,
            21,
            22,
            23,
            24,
            25,
            26,
            27,
            28,
            29,
            30,
            31,
            32,
            33,
            34,
            35,
            36
        ],
        "infection": [
            12,
            13,
            14,
            15,
            16,
            17,
            18,
            19,
            20
        ]
    }
}