{
    "patient_id": "radiopaedia_4_85506_1",
    "img_shape": [
        32,
        256,
        256
    ],
    "patient_min_max": [
        0.0,
        255.0
    ],
    "patient_mean_std": [
        156.22036743164062,
        89.0186767578125
    ],
    "global_min_max": [
        0.0,
        255.0
    ],
    "global_mean_std": [
        133.1456398010254,
        89.62632865905762
    ],
    "annotated_slices": {
        "left_lung": [
            0,
            1,
            2,
            3,
            4,
            5,
            6,
            7,
            8,
            9,
            10,
            11,
            12,
            13,
            14,
            15,
            16,
            17,
            18,
            19,
            20,
            21,
            22,
            23,
            24,
            25,
            26,
            27,
            28,
            29,
            30,
            31
        ],
        "right_lung": [
            1,
            2,
            3,
            4,
            5,
            6,
            7,
            8,
            9,
            10,
            11,
            12,
            13,
            14,
            15,
            16,
            17,
            18,
            19,
            20,
            21,
            22,
            23,
            24,
            25,
            26,
            27,
            28,
            29,
            30
        ],
        "infection": [
            0,
            1,
            2,
            3,
            4,
            5,
            6,
            7,
            8,
            9,
            10,
            11,
            12,
            13,
            14,
            15,
            16,
            17,
            18,
            19,
            20,
            21,
            22,
            23,
            24,
            25
        ]
    }
}